<?xml version="1.0" encoding="UTF-8"?>
<!-- The namespace urn:sourceid.org:saml2:metadata-extension changed to urn:sourceid.org:saml2:metadata-extension:v2
	 for versions greater than PingFederate 3.0 -->
<EntitiesDescriptor xmlns="urn:oasis:names:tc:SAML:2.0:metadata" xmlns:xd="http://www.w3.org/2000/09/xmldsig#" xmlns:mdx="urn:sourceid.org:saml2:metadata-extension:v2">
    <EntityDescriptor ID="gbcS9CwP02yuxBb8bXH7F9-2MLU" entityID="localhost:default:entityId" mdx:name="localhost:default:entityId" mdx:baseUrl="https://localhost:9031" mdx:LogLevel="STANDARD" mdx:isActive="true">
        <Extensions>
            <mdx:EntityExtension LicenseGroup="" PFVersion="6.0.0.1">
                <mdx:DigitialSignatureAliases VerificationCertAlias="21" includeX509inXmlSig="false" SigningKeyAlias="20"/>
                <mdx:Encryption>
                    <mdx:EncryptionPolicy SLOEncryptSubjectNameID="false" EncryptSubjectNameID="false" EncryptAssertion="false" KeyTransportAlgorithm="http://www.w3.org/2001/04/xmlenc#rsa-1_5" EncryptionAlgorithm="http://www.w3.org/2001/04/xmlenc#aes128-cbc"/>
                    <mdx:DecryptionPolicy SLOSubjectNameIDEncrypted="false" AttributeEncrypted="false" SubjectNameIDEncrypted="false" AssertionEncrypted="false"/>
                </mdx:Encryption>
            </mdx:EntityExtension>
        </Extensions>
        <SPSSODescriptor WantAssertionsSigned="false" AuthnRequestsSigned="false" protocolSupportEnumeration="urn:oasis:names:tc:SAML:2.0:protocol">
            <Extensions>
                <mdx:RoleExtension LastModified="2013-10-31T13:36:43.710Z" ArtifactTimeoutSeconds="60">
                    <mdx:IncomingBindings SOAP="true" Redirect="true" POST="true" Artifact="true"/>
                    <mdx:EnabledProfiles SPInitiatedSLO="true" SPInitiatedSSO="true" IDPInitiatedSLO="true" IDPInitiatedSSO="true"/>
                    <mdx:SP ConnectionTargetType="Standard" AssertionValidityBeforeMinutes="5" AssertionValidityAfterMinutes="5">
                        <mdx:AdapterToAssertionMapping AdapterInstanceId="OTIdPJava" AbortIfNotFoundInAnyDataSources="false">
                            <mdx:DefaultAttributeMapping>
                                <mdx:AttributeMap Value="subject" Type="Adapter" Name="SAML_SUBJECT"/>
                            </mdx:DefaultAttributeMapping>
                        </mdx:AdapterToAssertionMapping>
                        <mdx:NameIdentifierMappingType IncludeAdditionalTransientAttributes="false" IncludeAdditionalAttributes="false"/>
                    </mdx:SP>
                </mdx:RoleExtension>
            </Extensions>
            <ArtifactResolutionService Binding="urn:oasis:names:tc:SAML:2.0:bindings:SOAP" Location="/sp/ARS.ssaml2" index="0"/>
            <SingleLogoutService Location="/sp/SLO.saml2" Binding="urn:oasis:names:tc:SAML:2.0:bindings:HTTP-Redirect"/>
            <SingleLogoutService Location="/sp/SLO.saml2" Binding="urn:oasis:names:tc:SAML:2.0:bindings:HTTP-POST"/>
            <NameIDFormat>urn:oasis:names:tc:SAML:1.1:nameid-format:unspecified</NameIDFormat>
            <AssertionConsumerService isDefault="true" Binding="urn:oasis:names:tc:SAML:2.0:bindings:HTTP-Artifact" Location="/sp/ACS.saml2" index="0"/>
            <AssertionConsumerService Binding="urn:oasis:names:tc:SAML:2.0:bindings:HTTP-POST" Location="/sp/ACS.saml2" index="1"/>
        </SPSSODescriptor>
        <ContactPerson contactType="administrative">
            <Company>Ping Identity</Company>
        </ContactPerson>
    </EntityDescriptor>
    <EntityDescriptor ID="S9b5fguvCQ0GtFPkrHg_NYDQT1C" entityID="localhost:default:entityId" mdx:name="localhost:default:entityId" mdx:baseUrl="https://localhost:9031" mdx:LogLevel="STANDARD" mdx:isActive="true">
        <Extensions>
            <mdx:EntityExtension LicenseGroup="" PFVersion="6.0.0.1">
                <mdx:DigitialSignatureAliases VerificationCertAlias="22" includeX509inXmlSig="false" SigningKeyAlias="20"/>
                <mdx:Encryption>
                    <mdx:EncryptionPolicy SLOEncryptSubjectNameID="false" EncryptSubjectNameID="false" EncryptAssertion="false" KeyTransportAlgorithm="http://www.w3.org/2001/04/xmlenc#rsa-1_5" EncryptionAlgorithm="http://www.w3.org/2001/04/xmlenc#aes128-cbc"/>
                    <mdx:DecryptionPolicy SLOSubjectNameIDEncrypted="false" AttributeEncrypted="false" SubjectNameIDEncrypted="false" AssertionEncrypted="false"/>
                </mdx:Encryption>
            </mdx:EntityExtension>
        </Extensions>
        <IDPSSODescriptor WantAuthnRequestsSigned="false" protocolSupportEnumeration="urn:oasis:names:tc:SAML:2.0:protocol">
            <Extensions>
                <mdx:RoleExtension LastModified="2013-10-31T13:37:36.663Z" ArtifactTimeoutSeconds="60">
                    <mdx:IncomingBindings SOAP="false" Redirect="true" POST="true" Artifact="true"/>
                    <mdx:EnabledProfiles SPInitiatedSLO="true" SPInitiatedSSO="true" IDPInitiatedSLO="true" IDPInitiatedSSO="true"/>
                    <mdx:IDP AssertionsSigned="false">
                        <mdx:TargetAttributeMapping AdapterInstanceId="OTSPJava">
                            <mdx:AttributeMap Value="SAML_SUBJECT" Type="Assertion" Name="subject"/>
                        </mdx:TargetAttributeMapping>
                        <mdx:AccountLinkingAndMapping IncludeAdditionalAttributes="false" Type="mapping"/>
                        <mdx:ErrPageMsg>Please contact your system administrator for assistance regarding this error.</mdx:ErrPageMsg>
                    </mdx:IDP>
                </mdx:RoleExtension>
            </Extensions>
            <ArtifactResolutionService Binding="urn:oasis:names:tc:SAML:2.0:bindings:SOAP" Location="/idp/ARS.ssaml2" index="0"/>
            <SingleLogoutService Location="/idp/SLO.saml2" Binding="urn:oasis:names:tc:SAML:2.0:bindings:HTTP-Redirect"/>
            <SingleLogoutService Location="/idp/SLO.saml2" Binding="urn:oasis:names:tc:SAML:2.0:bindings:HTTP-POST"/>
            <SingleSignOnService Location="/idp/SSO.saml2" Binding="urn:oasis:names:tc:SAML:2.0:bindings:HTTP-POST"/>
            <SingleSignOnService Location="/idp/SSO.saml2" Binding="urn:oasis:names:tc:SAML:2.0:bindings:HTTP-Redirect"/>
        </IDPSSODescriptor>
        <ContactPerson contactType="administrative">
            <Company>Ping Identity</Company>
        </ContactPerson>
    </EntityDescriptor>
</EntitiesDescriptor>
