<?xml version="1.0" encoding="UTF-8"?>
<EntityDescriptor cacheDuration="PT1440M" entityID="localhost:default:entityId" xmlns="urn:oasis:names:tc:SAML:2.0:metadata" xmlns:sid="urn:sourceid.org:saml2:local-metadata-extension:v2">
    <!-- This block contains Ping's proprietary endpoints -->
    <Extensions>
        <sid:SourceIDExtension EnableAdminSslCertSelection="false" EnableIdpWsTrustSts="false" EnableSpWsTrustSts="false" MetadataSigningKeyAlias="" EnableSpDynaFed="false" EnableIdpDynaFed="false" EnableX509Discovery="false" DynaFedID="" EnableIdpDiscovery="false" EnableSaml10Ap="false" EnableSaml10Rp="false" EnableSaml11Ap="false" EnableSaml11Rp="false" EnableSaml20Sp="true" EnableSaml20IdP="true" EnableWsFedSp="false" EnableWsFedIdP="false" Saml1xSrcId="" WsFedID="" Saml1xId="" BaseURL="https://localhost:9031">
            <sid:LocalPathsDescriptor Suffix=".ping" ResumePathPrefix="/resume">
                <sid:IDPLocalPaths>
                    <!-- This endpoint is used by an IdP application to ask
                      this local PingFederate server to initiate a Single
                      Sign On. It may have following query string parameters
                      1) PartnerSpId (required): the entity id of the
                         intended service provider.
                      2) TargetResource (optional): a URL of the target
                         resource
                 -->
                    <sid:InitiateSingleSignOn>/idp/startSSO</sid:InitiateSingleSignOn>
                    <!-- This endpoint is used by an IdP application to ask
                      this local PingFederate server to initiate a Single
                      Logout for the user session.
                 -->
                    <sid:InitiateSingleLogOut>/idp/startSLO</sid:InitiateSingleLogOut>
                </sid:IDPLocalPaths>
                <sid:SPLocalPaths>
                    <!-- This endpoint is used by a SP application to ask
                      this local PingFederate server to initiate a Single
                      Sign On. It may have following query string parameter:
                      1. PartnerIdpId (required): the entity id of the
                         intended identity provider.
                      2. SpSessionAuthnAdapterId (optional)
                      3. ForceAuthn (optional)
                      4. IsPassive (optional)
                 -->
                    <sid:InitiateSingleSignOn>/sp/startSSO</sid:InitiateSingleSignOn>
                    <!-- Initiate SSO with IdP Discovery enabled -->
                    <sid:InitiateCDCSingleSignOn>/sp/cdcstartSSO</sid:InitiateCDCSingleSignOn>
                    <!-- This endpoint is used by a SP application to ask
                      this local PingFederate server to initiate a Single
                      Logout for the user SSO session.
                 -->
                    <sid:InitiateSingleLogOut>/sp/startSLO</sid:InitiateSingleLogOut>
                    <!-- This endpoint is used by an SP application to ask
                      this PF server to defederate a account link(s).
                 -->
                    <sid:TerminateAccountLinks>/sp/defederate</sid:TerminateAccountLinks>
                </sid:SPLocalPaths>
            </sid:LocalPathsDescriptor>
            <sid:ApplicationURLs>
                <sid:URLGroup failureURL="https://localhost:9031/IdpSample/?error=SLO Failure" successURL="https://localhost:9031/IdpSample/" name="idp.after.slo"/>
                <sid:URLGroup failureURL="https://localhost:9031/SpSample/?error=SLO Failure" successURL="https://localhost:9031/SpSample/MainPage/" name="sp.after.slo"/>
                <sid:URLGroup failureURL="https://localhost:9031/SpSample/?error=SSO Failure" successURL="https://localhost:9031/SpSample/MainPage/" name="sp.after.sso"/>
            </sid:ApplicationURLs>
            <sid:UrlToAdapterMap AdapterInstance="OTSPJava" Url="*"/>
            <sid:IdpDiscovery ReadCookiePath="/readcookie.cdc" WriteCookiePath="/writecookie.cdc" SPCommonDomainClient="false" IdPCommonDomainClient="false" CommonDomainServer="false">
                <sid:CommonDomainClient CommonDomainServiceBaseUrl=""/>
                <sid:CommonDomainService CookieLifeDays="365" CommonDomain=""/>
            </sid:IdpDiscovery>
            <sid:ErrPageMsg>Please contact your system administrator for assistance regarding this error.</sid:ErrPageMsg>
        </sid:SourceIDExtension>
    </Extensions>
    <!-- Defines endpoints for this server when it is acting as an IdP -->
    <IDPSSODescriptor protocolSupportEnumeration="urn:oasis:names:tc:SAML:2.0:protocol">
        <!-- SOAP endpoints for partner SPs to send <ArtifactResolve> messages 
           and retrieve the actual SAML messages associated with the artifact. 
           These are indexed endpoints. You can define zero or more such endpoints. 
           See also Metadata for the OASIS Security Assertion Markup Language 
           (SAML) V2.0 p16.
      -->
        <ArtifactResolutionService Location="/idp/ARS.ssaml2" isDefault="true" index="0" Binding="urn:oasis:names:tc:SAML:2.0:bindings:HTTP-SOAP"/>
        <!-- Endpoints for partner SPs to send SLO requests/responses to this IdP server -->
        <SingleLogoutService Location="/idp/SLO.saml2" Binding="urn:oasis:names:tc:SAML:2.0:bindings:HTTP-Redirect"/>
        <SingleLogoutService Location="/idp/SLO.saml2" Binding="urn:oasis:names:tc:SAML:2.0:bindings:HTTP-POST"/>
        <SingleLogoutService Location="/idp/SLO.saml2" Binding="urn:oasis:names:tc:SAML:2.0:bindings:HTTP-Artifact"/>
        <SingleLogoutService Location="/idp/SLO.ssaml2" Binding="urn:oasis:names:tc:SAML:2.0:bindings:SOAP"/>
        <!-- Endpoint for partner SPs to send SSO requests to this IdP server -->
        <SingleSignOnService Location="/idp/SSO.saml2" Binding="urn:oasis:names:tc:SAML:2.0:bindings:HTTP-POST"/>
        <SingleSignOnService Location="/idp/SSO.saml2" Binding="urn:oasis:names:tc:SAML:2.0:bindings:HTTP-Artifact"/>
        <SingleSignOnService Location="/idp/SSO.saml2" Binding="urn:oasis:names:tc:SAML:2.0:bindings:HTTP-Redirect"/>
        <SingleSignOnService Location="/idp/SSO.saml2" Binding="urn:oasis:names:tc:SAML:2.0:bindings:SOAP"/>
    </IDPSSODescriptor>
    <!-- Defines endpoints for this server when it is acting as an SP -->
    <SPSSODescriptor protocolSupportEnumeration="urn:oasis:names:tc:SAML:2.0:protocol">
        <ArtifactResolutionService Location="/sp/ARS.ssaml2" isDefault="true" index="0" Binding="urn:oasis:names:tc:SAML:2.0:bindings:HTTP-SOAP"/>
        <!-- Endpoint for your IdP to send SLO requests/responses to this server -->
        <SingleLogoutService Location="/sp/SLO.saml2" Binding="urn:oasis:names:tc:SAML:2.0:bindings:HTTP-Redirect"/>
        <SingleLogoutService Location="/sp/SLO.saml2" Binding="urn:oasis:names:tc:SAML:2.0:bindings:HTTP-POST"/>
        <SingleLogoutService Location="/sp/SLO.saml2" Binding="urn:oasis:names:tc:SAML:2.0:bindings:HTTP-Artifact"/>
        <SingleLogoutService Location="/sp/SLO.ssaml2" Binding="urn:oasis:names:tc:SAML:2.0:bindings:SOAP"/>
        <!-- Endpoint for your IdP to send SSO requests to this server -->
        <AssertionConsumerService Location="/sp/ACS.saml2" isDefault="true" index="0" Binding="urn:oasis:names:tc:SAML:2.0:bindings:HTTP-POST"/>
        <AssertionConsumerService Location="/sp/ACS.saml2" index="1" Binding="urn:oasis:names:tc:SAML:2.0:bindings:HTTP-Artifact"/>
        <AssertionConsumerService Location="/sp/ACS.saml2" index="2" Binding="urn:oasis:names:tc:SAML:2.0:bindings:PAOS"/>
    </SPSSODescriptor>
    <ContactPerson contactType="administrative"/>
</EntityDescriptor>
