<?xml version="1.0" encoding="UTF-8"?>
<config xmlns="http://www.sourceid.org/2004/05/config">
    <!-- DSIG Keystore information: name and password -->
    <item name="DsigKeystoreName">ping-dsig.jks</item>
    <item name="DsigKeystorePassword">4ulBLKTFobvDrMO4rociZA==</item>
    <item name="DsigKeystoreType">jks</item>
    <!-- Map of Dsig keystore aliases to passwords; the system uses this map
     to open private keys for generating signatures, X509
     authentication, etc. For each item, the name of the item maps
     to the alias of a private key and the value of the item is the
     password to that particular key -->
    <map name="DsigPrivateKeyPasswords">
        <item name="20">/Gj7iZmaPzfgnZjcawT19w==</item>
        <item name="19">gl9nyAK7PfCiLHZri/nP9g==</item>
        <item name="22">y8HlBgtujnYpyDjnbpl/Yg==</item>
        <item name="16">sVJh96BBoxf/rT7ounSczw==</item>
    </map>
    <!-- SSL Keystore information: name and password -->
    <item name="SslKeystoreName">ping-ssl.jks</item>
    <item name="SslKeystorePassword">4ulBLKTFobvDrMO4rociZA==</item>
    <item name="SslKeystoreType">jks</item>
    <!-- Map of SSL client auth keystore aliases to passwords; the system uses this map
     to open private keys for generating signatures, X509
     authentication, etc. For each item, the name of the item maps
     to the alias of a private key and the value of the item is the
     password to that particular key -->
    <map name="SslPrivateKeyPasswords">
        <item name="0">GIixSR8rCKM=</item>
    </map>
    <!-- SSL Server Keystore information: name and password -->
    <item name="SslServerKeystoreName">ping-ssl-server.jks</item>
    <item name="SslServerKeystorePassword">4ulBLKTFobvDrMO4rociZA==</item>
    <item name="SslServerKeystoreType">jks</item>
    <!-- Map of SSL Server keystore aliases to passwords; the system uses this map
         to open private keys for generating signatures, X509
         authentication, etc. For each item, the name of the item maps
         to the alias of a private key and the value of the item is the
         password to that particular key -->
    <map name="SslServerPrivateKeyPasswords">
        <item name="2">SRIQR7pDWhzDrMO4rociZA==</item>
        <item name="1">cKgZ7VWpMGDefZX+SIBr9w==</item>
        <item name="0">nGAFy7JPpJo=</item>
        <item name="active-server-cert">4ulBLKTFobvDrMO4rociZA==</item>
    </map>
    <!-- SSL Truststore Keystore information: name and password -->
    <item name="TrustKeystoreName">ping-trust.jks</item>
    <item name="TrustKeystorePassword">4ulBLKTFobvDrMO4rociZA==</item>
    <item name="TrustKeystoreType">jks</item>
</config>
