<?xml version="1.0" encoding="UTF-8"?>
<con:config xmlns:con="http://www.sourceid.org/2004/05/config">
    <con:map name="yfaruqi-vm:default:entityId">
        <con:item name="21">IDP</con:item>
        <con:item name="18">SP</con:item>
        <con:item name="20">SP</con:item>
        <con:item name="17">IDP</con:item>
    </con:map>
    <con:map name="localhost:default:entityId">
        <con:item name="21">SP</con:item>
        <con:item name="22">IDP</con:item>
    </con:map>
</con:config>
