<?xml version="1.0" encoding="UTF-8"?>
<urn:AdapterConfiguration name="OTSPJava" xmlns:urn="urn:sourceid.org:saml2:adapter:conf">
    <urn:Fields>
        <urn:Field name="Password">zD9Jp2VP0CvtwO1yzsc+Vw==</urn:Field>
        <urn:Field name="Confirm Password">zD9Jp2VP0CvtwO1yzsc+Vw==</urn:Field>
        <urn:Field name="Transport Mode">2</urn:Field>
        <urn:Field name="Token Name">spopentoken</urn:Field>
        <urn:Field name="Cipher Suite">2</urn:Field>
        <urn:Field name="Authentication Service"/>
        <urn:Field name="Account Link Service">https://localhost:9031/SpSample/?cmd=accountlink</urn:Field>
        <urn:Field name="Logout Service">https://localhost:9031/SpSample/?cmd=slo</urn:Field>
        <urn:Field name="Cookie Domain"/>
        <urn:Field name="Cookie Path">/</urn:Field>
        <urn:Field name="Token Lifetime">300</urn:Field>
        <urn:Field name="Session Lifetime">43200</urn:Field>
        <urn:Field name="Not Before Tolerance">0</urn:Field>
        <urn:Field name="Force SunJCE Provider">false</urn:Field>
        <urn:Field name="Use Verbose Error Messages">false</urn:Field>
        <urn:Field name="Obfuscate Password">true</urn:Field>
        <urn:Field name="Session Cookie">false</urn:Field>
        <urn:Field name="Secure Cookie">false</urn:Field>
        <urn:Field name="Send Subject as Query Parameter">false</urn:Field>
        <urn:Field name="Subject Query Parameter                 "/>
        <urn:Field name="Send Extended Attributes">0</urn:Field>
        <urn:Field name="Skip Trimming of Trailing Backslashes">false</urn:Field>
    </urn:Fields>
    <urn:AdvancedFields>
        <urn:Field name="Transport Mode">2</urn:Field>
        <urn:Field name="Token Name">spopentoken</urn:Field>
        <urn:Field name="Cipher Suite">2</urn:Field>
        <urn:Field name="Authentication Service"/>
        <urn:Field name="Account Link Service">https://localhost:9031/SpSample/?cmd=accountlink</urn:Field>
        <urn:Field name="Logout Service">https://localhost:9031/SpSample/?cmd=slo</urn:Field>
        <urn:Field name="Cookie Domain"/>
        <urn:Field name="Cookie Path">/</urn:Field>
        <urn:Field name="Token Lifetime">300</urn:Field>
        <urn:Field name="Session Lifetime">43200</urn:Field>
        <urn:Field name="Not Before Tolerance">0</urn:Field>
        <urn:Field name="Force SunJCE Provider">false</urn:Field>
        <urn:Field name="Use Verbose Error Messages">false</urn:Field>
        <urn:Field name="Obfuscate Password">true</urn:Field>
        <urn:Field name="Session Cookie">false</urn:Field>
        <urn:Field name="Secure Cookie">false</urn:Field>
        <urn:Field name="Send Subject as Query Parameter">false</urn:Field>
        <urn:Field name="Subject Query Parameter                 "/>
        <urn:Field name="Send Extended Attributes">0</urn:Field>
        <urn:Field name="Skip Trimming of Trailing Backslashes">false</urn:Field>
    </urn:AdvancedFields>
    <urn:Tables/>
    <urn:ExtendedContractAttributes/>
</urn:AdapterConfiguration>
