<?xml version="1.0" encoding="UTF-8"?>
<urn:PluginConfiguration isInheritExtendedContractAttributes="false" name="UserPass" xmlns:urn="urn:sourceid.org:saml2:adapter:conf">
    <urn:Fields/>
    <urn:AdvancedFields/>
    <urn:Tables>
        <urn:Table name="Users">
            <urn:Row>
                <urn:Field name="Username">joe</urn:Field>
                <urn:Field name="Password">G0SizNgPFwxIuPvtPyI5KH_KoS_kqHoujrS3_R9IwTw.ZmOAC5R9.2</urn:Field>
                <urn:Field name="Confirm Password">B97g57Zc77meMrPGkCDqYHBkMXIrw4Fc_wcg_XarRCY.teViknQa.2</urn:Field>
            </urn:Row>
            <urn:Row>
                <urn:Field name="Username">sarah</urn:Field>
                <urn:Field name="Password">AXkjkmqFI5y2eytVephDnJhwaSNjnhQrOKZS3V6ystw.CPXFBjVh.2</urn:Field>
                <urn:Field name="Confirm Password">uZlSTsJVUDNNru9jlhY9u7W0X3OYCxtbCSJMbu6wUh4.50NRZznZ.2</urn:Field>
            </urn:Row>
            <urn:Row>
                <urn:Field name="Username">scott</urn:Field>
                <urn:Field name="Password">iAqOz_cVJGPT9zUWZe-RpBvPWirZ-5xQ1hSwWQZNTBM.VN3lLfKX.2</urn:Field>
                <urn:Field name="Confirm Password">n8VeFUyqczMqUjFgYKLHZfeNiAyhsn75thVjZ4pn0D8._IxRAJ_-.2</urn:Field>
            </urn:Row>
        </urn:Table>
    </urn:Tables>
</urn:PluginConfiguration>