<?xml version="1.0" encoding="UTF-8"?>
<con:config xmlns:con="http://www.sourceid.org/2004/05/config">
    <con:item name="EnableEmailNotification">false</con:item>
    <con:item name="EnableEmailPasswordNotification">false</con:item>
    <con:item name="EnableCertificateExpirationNotification">false</con:item>
    <con:item name="SMTPPort">2525</con:item>
    <con:item name="SSLSMTPPort">465</con:item>
    <con:item name="Timeout">15</con:item>
    <con:item name="UseSSL">false</con:item>
    <con:item name="UseTLS">false</con:item>
    <con:item name="UseDebugging">false</con:item>
    <con:item name="EnableMetadataEventNotification">false</con:item>
    <con:item name="SMTPServer">smtp.mailtrap.io</con:item>
    <con:item name="RetryAttempts">2</con:item>
    <con:item name="RetryDelay">2</con:item>
    <con:item name="VerifyHostname">false</con:item>
    <con:item name="NotificationFrom">pingsupport@localhost.com</con:item>
    <con:item name="NotificationUser">265e4889af8168</con:item>
    <con:item name="SmsProviderAccountId"/>
    <con:item name="SmsProviderFromNumber"/>
    <con:item name="NotificationPassword">eyJhbGciOiJkaXIiLCJlbmMiOiJBMTI4Q0JDLUhTMjU2Iiwia2lkIjoiQkY1M2tHSEZ2NiIsInZlcnNpb24iOiI5LjIuMC4xMCJ9..lfdcjED1-hG9YX9MogKo4Q.5ElAlHfB3yI1uWu24WzOCA.whfDyPTX4zthza13SSFtwg</con:item>
    <con:item name="NotificationTo"/>
    <con:item name="NotificationCertificateExpirationTo"/>
    <con:item name="NotificationCertInitialEvent"/>
    <con:item name="NotificationCertFinalEvent"/>
    <con:item name="NotificationMetadataEventsTo"/>
</con:config>