<?xml version="1.0" encoding="UTF-8"?>
<con:config xmlns:con="http://www.sourceid.org/2004/05/config">
    <con:map name="SsoDirectoryService">
        <con:item name="id">heuristics</con:item>
        <con:item name="isActive">true</con:item>
        <con:item name="sharedSecret">gWhdPEXznkdAaQlpXgEXM4Ug6OeYzWZV00XBuzL6aE8.Qe5cKc_M.2</con:item>
        <con:item name="confirmSharedSecret">gWhdPEXznkdAaQlpXgEXM4Ug6OeYzWZV00XBuzL6aE8.Qe5cKc_M.2</con:item>
    </con:map>
    <con:map name="JMX"/>
    <con:map name="ConnectionManagement">
        <con:item name="id">heuristics</con:item>
        <con:item name="confirmSharedSecret">m5jfadWfATDwvxVsjuID_2EodG7Ftoxax80O3Vq1Qz4.Bck9L95P.2</con:item>
        <con:item name="isActive">true</con:item>
        <con:item name="sharedSecret">m5jfadWfATDwvxVsjuID_2EodG7Ftoxax80O3Vq1Qz4.Bck9L95P.2</con:item>
    </con:map>
    <con:map name="AttributeQuery">
        <con:item name="id">heuristics</con:item>
        <con:item name="confirmSharedSecret">eMjTvhj0HGbYphzPuUTp6euHnX6g2e_wUDCVI75drWM.7PcBFMu7.2</con:item>
        <con:item name="isActive">true</con:item>
        <con:item name="sharedSecret">eMjTvhj0HGbYphzPuUTp6euHnX6g2e_wUDCVI75drWM.7PcBFMu7.2</con:item>
    </con:map>
</con:config>