<?xml version="1.0" encoding="UTF-8"?>
<con:config xmlns:con="http://www.sourceid.org/2004/05/config">
    <con:map name="JavaIK:SP"/>
    <con:map name="JavaIK:IDP"/>
    <con:map name="Agentless:IDP"/>
    <con:map name="Agentless:SP"/>
    <con:map name="PF-DEMO"/>
    <con:map name="SAML2:SP"/>
    <con:map name="SAML2:IDP"/>
    <con:map name="X509:SP"/>
    <con:map name="X509:IDP"/>
    <con:map name="SAML11:SP"/>
    <con:map name="SAML11:IDP"/>
    <con:map name="Pseudonym:SP"/>
    <con:map name="Pseudonym:IDP"/>
    <con:map name="Transient:SP"/>
    <con:map name="Transient:IDP"/>
    <con:map name="WSFED:SP"/>
    <con:map name="WSFED:IDP"/>
    <con:map name="WSFED:JWT:SP"/>
    <con:map name="WSFED:JWT:IDP"/>
    <con:map name="SP:SIGN:ENCRYPT"/>
    <con:map name="IDP:SIGN:ENCRYPT"/>
    <con:map name="d"/>
    <con:map name="test1"/>
    <con:map name="https://localhost:9031/as/authorization.oauth"/>
    <con:map name="https://localhost:9031"/>
</con:config>