<?xml version="1.0" encoding="UTF-8"?>
<config xmlns="http://www.sourceid.org/2004/05/config">
    <!--Dsig keystore information: name and password-->
    <item name="DsigKeystoreName">ping-dsig.jks</item>
    <item name="DsigKeystorePassword">eyJhbGciOiJkaXIiLCJlbmMiOiJBMTI4Q0JDLUhTMjU2Iiwia2lkIjoiQkY1M2tHSEZ2NiIsInZlcnNpb24iOiI3LjIuMC4yLVNOQVBTSE9UIn0..9dXELI1xAwl6GqO79J1Q6g.wJ_mvewhi0YCJOre5XZRFJZpqPqZNI0JFTCB4k0DU1w.5vMBOnObDGxNHzYnfK6rAA</item>
    <!--Do not modify-->
    <item name="DsigKeystoreType2">default</item>
    <!--Map of Dsig keystore aliases to passwords; the system uses this map
     to open private keys for generating signatures, X509
     authentication, etc. For each item, the name of the item maps
     to the alias of a private key, and the value of the item is the
     password to that particular key.-->
    <map name="DsigPrivateKeyPasswords">
        <item name="ajrijhaata1nimo231vviponq">eyJhbGciOiJkaXIiLCJlbmMiOiJBMTI4Q0JDLUhTMjU2Iiwia2lkIjoiQkY1M2tHSEZ2NiIsInZlcnNpb24iOiI4LjQuMC40LVNOQVBTSE9UIn0..xGf3w9gerP7N85Sx2Qn1sA.1ukwhcyhWTbRA8G4ziFCwQ.P0_7VNFJaJwaLlQ1YmIf3A</item>
        <item name="v6lutdtbq2ibdnwoobqlkdkfa">eyJhbGciOiJkaXIiLCJlbmMiOiJBMTI4Q0JDLUhTMjU2Iiwia2lkIjoiQkY1M2tHSEZ2NiIsInZlcnNpb24iOiI5LjIuMC4xMCJ9..xZTR5ekLDV4fnNjMGqE-0w.GmfJprthmzEbCgbNHYw_FEsiU0EBtGiui-M1dr0cxhE.8JK4BhKFCbxKzWYeCpD4aw</item>
        <item name="es1mhhdehiya6vp6ckuij23ux">eyJhbGciOiJkaXIiLCJlbmMiOiJBMTI4Q0JDLUhTMjU2Iiwia2lkIjoiQkY1M2tHSEZ2NiIsInZlcnNpb24iOiI5LjIuMC4xMCJ9..gKABZ3gn8yvhCBD6xADc5A.Cqp52Se6jT9yNEnxvp4u_uQMOfg3pv2Z7U9Re3tmbUk.TNlTf-M5xXTKLAb-JImvvg</item>
    </map>
    <!--Dsig public keystore information: name and password-->
    <item name="DsigPublicKeystoreName">ping-dsig-cert.jks</item>
    <item name="DsigPublicKeystorePassword"/>
    <!--Do not modify-->
    <item name="DsigPublicKeystoreType2">default</item>
    <!--SSL Keystore information: name and password-->
    <item name="SslKeystoreName">ping-ssl.jks</item>
    <item name="SslKeystorePassword">eyJhbGciOiJkaXIiLCJlbmMiOiJBMTI4Q0JDLUhTMjU2Iiwia2lkIjoiQkY1M2tHSEZ2NiIsInZlcnNpb24iOiI3LjIuMC4yLVNOQVBTSE9UIn0..YfXnWd8KnrpUvM4ZM5VbVw.3Wd_XKUKGFr2-hUoWRsnIbpLtL1GQGPuBnQ98MAHAjg.SoMEt8WRC14xWuga4AwYEA</item>
    <!--Do not modify-->
    <item name="SslKeystoreType2">default</item>
    <!--Map of SSL client auth keystore aliases to passwords; the system uses this map
     to open private keys for generating signatures, X509
     authentication, etc. For each item, the name of the item maps
     to the alias of a private key and the value of the item is the
     password to that particular key-->
    <map name="SslPrivateKeyPasswords"/>
    <!--SSL public Keystore information: name and password-->
    <item name="SslPublicKeystoreName">ping-ssl-cert.jks</item>
    <item name="SslPublicKeystorePassword"/>
    <!--Do not modify-->
    <item name="SslPublicKeystoreType2">default</item>
    <!--SSL Server Keystore information: name and password-->
    <item name="SslServerKeystoreName">ping-ssl-server.jks</item>
    <item name="SslServerKeystorePassword">eyJhbGciOiJkaXIiLCJlbmMiOiJBMTI4Q0JDLUhTMjU2Iiwia2lkIjoiQkY1M2tHSEZ2NiIsInZlcnNpb24iOiI3LjIuMC4yLVNOQVBTSE9UIn0..0I3mTNXdcQJW5CvcJ7JXzQ.htGbvdhHtgH4W3-kwtVCF7Npr5KpfS9huCD_bBXcKGA.Mcy_g8iBBSPzjVZKbYap2Q</item>
    <!--Do not modify-->
    <item name="SslServerKeystoreType2">default</item>
    <!--Map of SSL Server keystore aliases to passwords; the system uses this map
         to open private keys for generating signatures, X509
         authentication, etc. For each item, the name of the item maps
         to the alias of a private key and the value of the item is the
         password to that particular key-->
    <map name="SslServerPrivateKeyPasswords">
        <item name="6uqpj3hmx4usbvy1qkhi5563z">eyJhbGciOiJkaXIiLCJlbmMiOiJBMTI4Q0JDLUhTMjU2Iiwia2lkIjoiQkY1M2tHSEZ2NiIsInZlcnNpb24iOiI4LjQuMC40LVNOQVBTSE9UIn0..5_BpE3EDUlt5MRSSMZbvSg.1_Khe2wt9EvR2K8pMFwdEw.FxH9fKQ-hAQeSW2uFzg20Q</item>
    </map>
    <!--Truststore Keystore information: name and password-->
    <item name="TrustKeystoreName">ping-trust.jks</item>
    <item name="TrustKeystorePassword">eyJhbGciOiJkaXIiLCJlbmMiOiJBMTI4Q0JDLUhTMjU2Iiwia2lkIjoiQkY1M2tHSEZ2NiIsInZlcnNpb24iOiI3LjIuMC4yLVNOQVBTSE9UIn0..i1GagqP66J7iEcOJJyhOBA.EDwv9H_7XCoNpJRi6nomAZh2Ug6veGQOM8Y29TFJRiA.AaI3ZVUQ_RHlhPu-YQ-IQA</item>
    <!--You can specify a key store type here. Available keystore types are
          JKS     - Java Keystore
          nCipher.sworld - nCipher keystore
          LunaMP  - Luna keystore. It is available only when Luna HSM is used
          default - let the system select a keystore type for you. For Luna HSM 4, LunaMP is used and version 5 will use JKS.
                    For nCipher, nCipher.sworld is used. Otherwise, JKS is used-->
    <item name="TrustKeystoreType2">default</item>
</config>