<?xml version="1.0" encoding="UTF-8"?>
<con:config xmlns:con="http://www.sourceid.org/2004/05/config">
    <con:map name="IdpAuthnAdapterInstances">
        <con:item name="HTMLFormSimplePCV">com.pingidentity.adapters.htmlform.idp.HtmlFormIdpAuthnAdapter</con:item>
        <con:item name="OTIdPJava">com.pingidentity.adapters.opentoken.IdpAuthnAdapter</con:item>
        <con:item name="AgentlessIDP">com.pingidentity.pf.adapters.referenceid.IdpBackchannelReferenceAuthnAdapter</con:item>
        <con:item name="idpadapter">com.pingidentity.pf.adapters.referenceid.IdpBackchannelReferenceAuthnAdapter</con:item>
        <con:item name="SimpleForm">com.pingidentity.adapters.htmlform.idp.HtmlFormIdpAuthnAdapter</con:item>
        <con:item name="X509">com.pingidentity.adapters.idp.clientcert.ClientCertIdpAuthnAdapter</con:item>
        <con:item name="LDAPS">com.pingidentity.adapters.htmlform.idp.HtmlFormIdpAuthnAdapter</con:item>
    </con:map>
    <con:map name="SpAuthnAdapterInstances">
        <con:item name="OTSPJava">com.pingidentity.adapters.opentoken.SpAuthnAdapter</con:item>
        <con:item name="AgentlessSP">com.pingidentity.pf.adapters.referenceid.SpBackchannelReferenceAuthnAdapter</con:item>
        <con:item name="spadapter">com.pingidentity.pf.adapters.referenceid.SpBackchannelReferenceAuthnAdapter</con:item>
        <con:item name="OTK1">com.pingidentity.adapters.opentoken.SpAuthnAdapter</con:item>
        <con:item name="OTK3">com.pingidentity.adapters.opentoken.SpAuthnAdapter</con:item>
    </con:map>
    <con:map name="IdpAdapterInstanceParents">
        <con:item name="idpadapter">AgentlessIDP</con:item>
    </con:map>
    <con:map name="SpAdapterInstanceParents">
        <con:item name="spadapter">AgentlessSP</con:item>
    </con:map>
</con:config>