<?xml version="1.0" encoding="UTF-8"?>
<SoapAuth xmlns="http://www.sourceid.org/2004/04/soapauth">
    <Incoming>
        <Basic providerID="(SP) ::: JavaIK:SP" ssl="false" disableCertChainValidation="false" password="6ZtiO6EOIXuSP3Ypc2emdBra6aRGh6iuyLpnUUhU3Tc.qdwOAUqs.2" username="uname"/>
        <Basic providerID="(IDP) ::: JavaIK:IDP" ssl="false" disableCertChainValidation="false" password="vj1U5tY7kGJ6N9JeND0L6SLCmuDYU-HmPBuOcOEcO3c.jjEL1zeh.2" username="uname2"/>
    </Incoming>
    <Outgoing>
        <Basic providerID="(SP) ::: JavaIK:SP" ssl="false" disableCertChainValidation="true" password="eyJhbGciOiJkaXIiLCJlbmMiOiJBMTI4Q0JDLUhTMjU2Iiwia2lkIjoiQkY1M2tHSEZ2NiIsInZlcnNpb24iOiI5LjIuMC4xMCJ9..SF-bRJv4KMhe_6CtP5PB5Q.o8qYoVdz-V356t3_fl8iYg.hX0CODYd-v4bqq2pr08ttQ" username="uname2"/>
        <Basic providerID="(IDP) ::: JavaIK:IDP" ssl="false" disableCertChainValidation="true" password="eyJhbGciOiJkaXIiLCJlbmMiOiJBMTI4Q0JDLUhTMjU2Iiwia2lkIjoiQkY1M2tHSEZ2NiIsInZlcnNpb24iOiI5LjIuMC4xMCJ9..0VtvSybSTVruzSxwSJoXeQ.SkyaMvGYqoeGwbh5o9Yt9Q.yRbft6ZP9NjGzutH19ChPw" username="uname"/>
    </Outgoing>
</SoapAuth>