<?xml version="1.0" encoding="UTF-8"?>
<md:EntityDescriptor entityID="https://localhost:9031" urn:name="OIDC" ID="TtSehq2LMJ6NXF0R7PqDz4Ma8Mu" urn:baseUrl="https://localhost:9031" urn:LogLevel="STANDARD" urn:isActive="true" xmlns:md="urn:oasis:names:tc:SAML:2.0:metadata" xmlns:urn="urn:sourceid.org:saml2:metadata-extension:v2">
    <md:Extensions>
        <urn:EntityExtension PFVersion="9.2.0.10" LicenseGroup="">
            <urn:DigitialSignatureAliases/>
            <urn:Encryption>
                <urn:EncryptionPolicy EncryptionAlgorithm="http://www.w3.org/2001/04/xmlenc#aes128-cbc" KeyTransportAlgorithm="http://www.w3.org/2001/04/xmlenc#rsa-oaep-mgf1p" EncryptAssertion="false" EncryptSubjectNameID="false" SLOEncryptSubjectNameID="false"/>
                <urn:DecryptionPolicy AssertionEncrypted="false" SubjectNameIDEncrypted="false" AttributeEncrypted="false" SLOSubjectNameIDEncrypted="false"/>
            </urn:Encryption>
            <urn:ConnectionTemplateProperties/>
            <urn:MetadataUrlId xsi:nil="true" xmlns:xsi="http://www.w3.org/2001/XMLSchema-instance"/>
            <urn:enableAutoMetadataUpdate>false</urn:enableAutoMetadataUpdate>
            <urn:AdditionalAllowedEntitiesConfiguration>
                <urn:AllowAdditionalEntities>false</urn:AllowAdditionalEntities>
                <urn:AllowAllEntities>false</urn:AllowAllEntities>
                <urn:AdditionalAllowedEntities/>
            </urn:AdditionalAllowedEntitiesConfiguration>
        </urn:EntityExtension>
    </md:Extensions>
    <md:IDPSSODescriptor protocolSupportEnumeration="OIDC" WantAuthnRequestsSigned="false">
        <md:Extensions>
            <urn:RoleExtension ArtifactTimeoutSeconds="60" LastModified="2019-03-04T09:46:17.869-05:00">
                <urn:IncomingBindings Artifact="true" POST="true" Redirect="true" SOAP="true"/>
                <urn:EnabledProfiles IDPInitiatedSSO="true" IDPInitiatedSLO="false" SPInitiatedSSO="true" SPInitiatedSLO="false"/>
                <urn:IDP AssertionsSigned="false" DefaultTargetResource="http://example.com">
                    <urn:TargetAttributeMapping AdapterInstanceId="OTK1" RestrictVirtualServerIds="false">
                        <urn:AttributeMap Name="subject" Type="Provider Claims" Value="sub"/>
                        <urn:AttributeMap Name="SAML" Type="Provider Claims" Value="sub"/>
                        <urn:TokenAuthorizationIssuanceCriteria/>
                    </urn:TargetAttributeMapping>
                    <urn:AccountLinkingAndMapping Type="mapping" IncludeAdditionalAttributes="false"/>
                    <urn:ErrPageMsg>errorDetail.spSsoFailure</urn:ErrPageMsg>
                </urn:IDP>
            </urn:RoleExtension>
        </md:Extensions>
        <md:SingleSignOnService Binding="oauth:authz" Location="https://localhost:9031/as/authorization.oauth2"/>
        <saml:Attribute Name="SAML" NameFormat="urn:oasis:names:tc:SAML:2.0:attrname-format:basic" xmlns:saml="urn:oasis:names:tc:SAML:2.0:assertion"/>
    </md:IDPSSODescriptor>
    <md:RoleDescriptor protocolSupportEnumeration="OIDC" xsi:type="urn:PFOIDCRoleDescriptorType" xmlns:xsi="http://www.w3.org/2001/XMLSchema-instance">
        <md:Extensions>
            <urn:RoleExtension LastModified="2019-03-04T09:46:17.869-05:00"/>
        </md:Extensions>
        <urn:OpenIDConnectSettings>
            <urn:TokenEndpoint>https://localhost:9031/as/token.oauth2</urn:TokenEndpoint>
            <urn:JWKSUri>https://localhost:9031/pf/JWKS</urn:JWKSUri>
            <urn:Scopes>openid</urn:Scopes>
            <urn:Profile>BASIC</urn:Profile>
            <urn:UserInfoEndpoint>https://localhost:9031/idp/userinfo.openid</urn:UserInfoEndpoint>
            <urn:ClientID>OIDCFORSP</urn:ClientID>
            <urn:ClientSecret>eyJhbGciOiJkaXIiLCJlbmMiOiJBMTI4Q0JDLUhTMjU2Iiwia2lkIjoiQkY1M2tHSEZ2NiIsInZlcnNpb24iOiI5LjIuMC4xMCJ9..nzWzhZYI68LDy7ApgId8WQ.miy2kSwm2tzAC_Yqt-Yy8q20xXSXL1I72p9J2BgfB3AKwH0eKCZtm15v3kayNt1S1daRyDJA7qgjR0SfzAlVVdB-ov3r9zLht7elSTF4CxY.Abbco_Q8lcGM9Qcf5fjejg</urn:ClientSecret>
            <urn:BasicAuth>true</urn:BasicAuth>
            <urn:PrivateJwtAuth>false</urn:PrivateJwtAuth>
        </urn:OpenIDConnectSettings>
    </md:RoleDescriptor>
    <md:RoleDescriptor protocolSupportEnumeration="urn:oasis:names:tc:SAML:2.0:protocol" xsi:type="urn:PFAvailableCertsRoleDescriptorType" xmlns:xsi="http://www.w3.org/2001/XMLSchema-instance"/>
    <md:ContactPerson contactType="administrative"/>
</md:EntityDescriptor>