<?xml version="1.0" encoding="UTF-8"?>
<md:EntityDescriptor entityID="WSFED:SP" urn:name="WSFED" ID="IbzNSP7alDXl.Q84arqwAmtjNBt" urn:baseUrl="https://localhost:9031" urn:LogLevel="STANDARD" urn:isActive="true" xmlns:md="urn:oasis:names:tc:SAML:2.0:metadata" xmlns:urn="urn:sourceid.org:saml2:metadata-extension:v2">
    <md:Extensions>
        <urn:EntityExtension PFVersion="9.2.0.10" LicenseGroup="">
            <urn:VirtualIdentity EntityID="WSFED:IDP"/>
            <urn:DefaultVirtualIdentity EntityID="WSFED:IDP"/>
            <urn:DigitialSignatureAliases SigningKeyAlias="v6lutdtbq2ibdnwoobqlkdkfa" includeX509inXmlSig="true" includeRawKeyInXmlSig="false" SigningAlgorithm="http://www.w3.org/2001/04/xmldsig-more#rsa-sha256"/>
            <urn:Encryption>
                <urn:EncryptionPolicy EncryptionAlgorithm="http://www.w3.org/2001/04/xmlenc#aes128-cbc" KeyTransportAlgorithm="http://www.w3.org/2001/04/xmlenc#rsa-oaep-mgf1p" EncryptAssertion="false" EncryptSubjectNameID="false" SLOEncryptSubjectNameID="false"/>
                <urn:DecryptionPolicy AssertionEncrypted="false" SubjectNameIDEncrypted="false" AttributeEncrypted="false" SLOSubjectNameIDEncrypted="false"/>
            </urn:Encryption>
            <urn:ConnectionTemplateProperties/>
            <urn:MetadataUrlId xsi:nil="true" xmlns:xsi="http://www.w3.org/2001/XMLSchema-instance"/>
            <urn:enableAutoMetadataUpdate>false</urn:enableAutoMetadataUpdate>
            <urn:AdditionalAllowedEntitiesConfiguration>
                <urn:AllowAdditionalEntities>false</urn:AllowAdditionalEntities>
                <urn:AllowAllEntities>false</urn:AllowAllEntities>
                <urn:AdditionalAllowedEntities/>
            </urn:AdditionalAllowedEntitiesConfiguration>
        </urn:EntityExtension>
    </md:Extensions>
    <md:SPSSODescriptor protocolSupportEnumeration="WSFED" AuthnRequestsSigned="false" WantAssertionsSigned="false" SignResponseAsRequired="false">
        <md:Extensions>
            <urn:RoleExtension ArtifactTimeoutSeconds="60" LastModified="2019-03-04T08:29:02.712-05:00">
                <urn:IncomingBindings Artifact="true" POST="true" Redirect="true" SOAP="true"/>
                <urn:EnabledProfiles IDPInitiatedSSO="true" IDPInitiatedSLO="true" SPInitiatedSSO="true" SPInitiatedSLO="true"/>
                <urn:SP AssertionValidityAfterMinutes="5" AssertionValidityBeforeMinutes="5" ConnectionTargetType="Standard" EnableCDCDuringSSO="false">
                    <urn:AdapterToAssertionMapping AbortIfNotFoundInAnyDataSources="false" RestrictVirtualServerIds="false" AdapterInstanceId="SimpleForm">
                        <urn:DefaultAttributeMapping>
                            <urn:AttributeMap Name="SAML" Type="Text" Value="WSFED"/>
                            <urn:AttributeMap Name="SAML_SUBJECT" Type="Adapter" Value="username"/>
                            <urn:TokenAuthorizationIssuanceCriteria/>
                        </urn:DefaultAttributeMapping>
                    </urn:AdapterToAssertionMapping>
                    <urn:NameIdentifierMappingType IncludeAdditionalAttributes="false" IncludeAdditionalTransientAttributes="false"/>
                    <urn:WsFedSettings>
                        <urn:TokenType>SAML11</urn:TokenType>
                    </urn:WsFedSettings>
                </urn:SP>
            </urn:RoleExtension>
        </md:Extensions>
        <md:SingleLogoutService Binding="wsfed:prp:http:get" Location="/sp/prp.wsf"/>
        <md:NameIDFormat>http://schemas.xmlsoap.org/claims/UPN</md:NameIDFormat>
        <md:AssertionConsumerService index="1" Location="/sp/prp.wsf" Binding="wsfed:prp:http:post" isDefault="true"/>
        <md:AttributeConsumingService index="0">
            <md:ServiceName xml:lang="en">AttributeContract</md:ServiceName>
            <md:RequestedAttribute Name="SAML" NameFormat="http://schemas.xmlsoap.org/claims"/>
        </md:AttributeConsumingService>
    </md:SPSSODescriptor>
    <md:RoleDescriptor protocolSupportEnumeration="urn:oasis:names:tc:SAML:2.0:protocol" xsi:type="urn:PFAvailableCertsRoleDescriptorType" xmlns:xsi="http://www.w3.org/2001/XMLSchema-instance"/>
    <md:ContactPerson contactType="administrative"/>
</md:EntityDescriptor>