<?xml version="1.0" encoding="UTF-8"?>
<urn:AdapterConfiguration authnCtxClassRef="" isInheritAttributeSettings="false" isInheritAttributeMapping="false" maskOgnlValues="false" isInheritExtendedContractAttributes="false" name="OTIdPJava" xmlns:urn="urn:sourceid.org:saml2:adapter:conf">
    <urn:Fields>
        <urn:Field name="Password">eyJhbGciOiJkaXIiLCJlbmMiOiJBMTI4Q0JDLUhTMjU2Iiwia2lkIjoiQkY1M2tHSEZ2NiIsInZlcnNpb24iOiI5LjIuMC4xMCJ9..m1OFoeZK6mOw7hH9e7HVzQ.d0NnJ6Jt_QxpZkJp4bie3A.whoH3p3NQZ66usmm1lAnZQ</urn:Field>
        <urn:Field name="Confirm Password">eyJhbGciOiJkaXIiLCJlbmMiOiJBMTI4Q0JDLUhTMjU2Iiwia2lkIjoiQkY1M2tHSEZ2NiIsInZlcnNpb24iOiI5LjIuMC4xMCJ9..1KgnqqhxKUHDBfPlncQCcQ.NlAkoYeBHBI2JbfHtGRXcA.MwDrCI_NogueQtUrpBk-6A</urn:Field>
        <urn:Field name="Authentication Service">https://localhost:9031/IdpSample/?cmd=sso</urn:Field>
        <urn:Field name="Transport Mode">1</urn:Field>
        <urn:Field name="Token Name">idpopentoken</urn:Field>
        <urn:Field name="Cipher Suite">2</urn:Field>
        <urn:Field name="Logout Service">https://localhost:9031/IdpSample/?cmd=slo</urn:Field>
        <urn:Field name="Cookie Domain"/>
        <urn:Field name="Cookie Path">/</urn:Field>
        <urn:Field name="Token Lifetime">300</urn:Field>
        <urn:Field name="Session Lifetime">43200</urn:Field>
        <urn:Field name="Not Before Tolerance">10</urn:Field>
        <urn:Field name="Force SunJCE Provider">false</urn:Field>
        <urn:Field name="Use Verbose Error Messages">true</urn:Field>
        <urn:Field name="Obfuscate Password">true</urn:Field>
        <urn:Field name="Session Cookie">false</urn:Field>
        <urn:Field name="Secure Cookie">false</urn:Field>
        <urn:Field name="HTTP Only Flag">true</urn:Field>
        <urn:Field name="Delete Cookie">false</urn:Field>
        <urn:Field name="Replay Prevention">false</urn:Field>
        <urn:Field name="Skip Malformed Attribute Detection">false</urn:Field>
        <urn:Field name="Track Authentication Time">true</urn:Field>
    </urn:Fields>
    <urn:AdvancedFields>
        <urn:Field name="Transport Mode">1</urn:Field>
        <urn:Field name="Token Name">idpopentoken</urn:Field>
        <urn:Field name="Cipher Suite">2</urn:Field>
        <urn:Field name="Logout Service">https://localhost:9031/IdpSample/?cmd=slo</urn:Field>
        <urn:Field name="Cookie Domain"/>
        <urn:Field name="Cookie Path">/</urn:Field>
        <urn:Field name="Token Lifetime">300</urn:Field>
        <urn:Field name="Session Lifetime">43200</urn:Field>
        <urn:Field name="Not Before Tolerance">10</urn:Field>
        <urn:Field name="Force SunJCE Provider">false</urn:Field>
        <urn:Field name="Use Verbose Error Messages">true</urn:Field>
        <urn:Field name="Obfuscate Password">true</urn:Field>
        <urn:Field name="Session Cookie">false</urn:Field>
        <urn:Field name="Secure Cookie">false</urn:Field>
        <urn:Field name="HTTP Only Flag">true</urn:Field>
        <urn:Field name="Delete Cookie">false</urn:Field>
        <urn:Field name="Replay Prevention">false</urn:Field>
        <urn:Field name="Skip Malformed Attribute Detection">false</urn:Field>
        <urn:Field name="Track Authentication Time">true</urn:Field>
    </urn:AdvancedFields>
    <urn:Tables/>
    <urn:ExtendedContractAttributes/>
    <urn:UniqueKeyField>subject</urn:UniqueKeyField>
    <urn:AttributeMapping>
        <urn1:AttributeMap Name="subject" Type="Adapter" Value="subject" xmlns:urn1="urn:sourceid.org:saml2:metadata-extension:v2"/>
        <urn1:TokenAuthorizationIssuanceCriteria xmlns:urn1="urn:sourceid.org:saml2:metadata-extension:v2"/>
    </urn:AttributeMapping>
</urn:AdapterConfiguration>