<?xml version="1.0" encoding="UTF-8"?>
<urn:AdapterConfiguration isInheritTargetApplicationInfo="false" isInheritExtendedContractAttributes="false" name="OTK1" xmlns:urn="urn:sourceid.org:saml2:adapter:conf">
    <urn:Fields>
        <urn:Field name="Password">eyJhbGciOiJkaXIiLCJlbmMiOiJBMTI4Q0JDLUhTMjU2Iiwia2lkIjoiQkY1M2tHSEZ2NiIsInZlcnNpb24iOiI5LjIuMC4xMCJ9..gwvbRP4PEaiQk0XlWBAB9w.E48hxhhXj4ba8WQCw80hsw.xg2GTrGgS2-LsbkFe5uUxg</urn:Field>
        <urn:Field name="Confirm Password">eyJhbGciOiJkaXIiLCJlbmMiOiJBMTI4Q0JDLUhTMjU2Iiwia2lkIjoiQkY1M2tHSEZ2NiIsInZlcnNpb24iOiI5LjIuMC4xMCJ9..UEj0jPs9ZMkREfdkhtsCYw.U4CdADgpJrgfWRSzP_k0Cw.wK3Q84UFfq2PUztE3q9PHw</urn:Field>
        <urn:Field name="Transport Mode">2</urn:Field>
        <urn:Field name="Token Name">opentoken</urn:Field>
        <urn:Field name="Cipher Suite">2</urn:Field>
        <urn:Field name="Authentication Service"/>
        <urn:Field name="Account Link Service"/>
        <urn:Field name="Logout Service"/>
        <urn:Field name="Cookie Domain"/>
        <urn:Field name="Cookie Path">/</urn:Field>
        <urn:Field name="Token Lifetime">300</urn:Field>
        <urn:Field name="Session Lifetime">43200</urn:Field>
        <urn:Field name="Not Before Tolerance">10</urn:Field>
        <urn:Field name="Force SunJCE Provider">false</urn:Field>
        <urn:Field name="Use Verbose Error Messages">false</urn:Field>
        <urn:Field name="Obfuscate Password">true</urn:Field>
        <urn:Field name="Session Cookie">false</urn:Field>
        <urn:Field name="Secure Cookie">false</urn:Field>
        <urn:Field name="HTTP Only Flag">true</urn:Field>
        <urn:Field name="Send Subject as Query Parameter">false</urn:Field>
        <urn:Field name="Subject Query Parameter                 "/>
        <urn:Field name="Send Extended Attributes">0</urn:Field>
        <urn:Field name="Skip Trimming of Trailing Backslashes">false</urn:Field>
    </urn:Fields>
    <urn:AdvancedFields>
        <urn:Field name="Transport Mode">2</urn:Field>
        <urn:Field name="Token Name">opentoken</urn:Field>
        <urn:Field name="Cipher Suite">2</urn:Field>
        <urn:Field name="Authentication Service"/>
        <urn:Field name="Account Link Service"/>
        <urn:Field name="Logout Service"/>
        <urn:Field name="Cookie Domain"/>
        <urn:Field name="Cookie Path">/</urn:Field>
        <urn:Field name="Token Lifetime">300</urn:Field>
        <urn:Field name="Session Lifetime">43200</urn:Field>
        <urn:Field name="Not Before Tolerance">10</urn:Field>
        <urn:Field name="Force SunJCE Provider">false</urn:Field>
        <urn:Field name="Use Verbose Error Messages">false</urn:Field>
        <urn:Field name="Obfuscate Password">true</urn:Field>
        <urn:Field name="Session Cookie">false</urn:Field>
        <urn:Field name="Secure Cookie">false</urn:Field>
        <urn:Field name="HTTP Only Flag">true</urn:Field>
        <urn:Field name="Send Subject as Query Parameter">false</urn:Field>
        <urn:Field name="Subject Query Parameter                 "/>
        <urn:Field name="Send Extended Attributes">0</urn:Field>
        <urn:Field name="Skip Trimming of Trailing Backslashes">false</urn:Field>
    </urn:AdvancedFields>
    <urn:Tables/>
    <urn:ExtendedContractAttributes>
        <urn:AttributeName>SAML</urn:AttributeName>
    </urn:ExtendedContractAttributes>
</urn:AdapterConfiguration>