<?xml version="1.0" encoding="UTF-8"?>
<urn:AdapterConfiguration authnCtxClassRef="" isInheritAttributeSettings="false" isInheritAttributeMapping="false" maskOgnlValues="false" isInheritExtendedContractAttributes="false" name="X509" xmlns:urn="urn:sourceid.org:saml2:adapter:conf">
    <urn:Fields>
        <urn:Field name="Client Auth Port">9032</urn:Field>
        <urn:Field name="Client Auth Hostname"/>
        <urn:Field name="Parse Client Cert Subject and Issuer DNs">true</urn:Field>
        <urn:Field name="Return Success On SLO">true</urn:Field>
        <urn:Field name="Authentication Context">Default</urn:Field>
        <urn:Field name="Custom Authentication Context"/>
        <urn:Field name="Include Subject Alternative Name (SAN)">true</urn:Field>
    </urn:Fields>
    <urn:AdvancedFields>
        <urn:Field name="Return Success On SLO">true</urn:Field>
        <urn:Field name="Authentication Context">Default</urn:Field>
        <urn:Field name="Custom Authentication Context"/>
        <urn:Field name="Include Subject Alternative Name (SAN)">true</urn:Field>
    </urn:AdvancedFields>
    <urn:Tables>
        <urn:Table name="Constrain Acceptable Root Issuers">
            <urn:Row>
                <urn:Field name="Issuer DN">CN=Z-Authority Inc., OU=Support, O=Ping Identity, L=Milford, ST=NH, C=US</urn:Field>
            </urn:Row>
        </urn:Table>
    </urn:Tables>
    <urn:ExtendedContractAttributes/>
    <urn:UniqueKeyField>SubjectDN</urn:UniqueKeyField>
    <urn:AttributeMapping>
        <urn1:AttributeMap Name="IssuerDN" Type="Adapter" Value="IssuerDN" xmlns:urn1="urn:sourceid.org:saml2:metadata-extension:v2"/>
        <urn1:AttributeMap Name="SubjectDN" Type="Adapter" Value="SubjectDN" xmlns:urn1="urn:sourceid.org:saml2:metadata-extension:v2"/>
        <urn1:AttributeMap Name="email" Type="Adapter" Value="email" xmlns:urn1="urn:sourceid.org:saml2:metadata-extension:v2"/>
        <urn1:AttributeMap Name="ClientCertificateChain" Type="Adapter" Value="ClientCertificateChain" xmlns:urn1="urn:sourceid.org:saml2:metadata-extension:v2"/>
        <urn1:TokenAuthorizationIssuanceCriteria xmlns:urn1="urn:sourceid.org:saml2:metadata-extension:v2"/>
    </urn:AttributeMapping>
</urn:AdapterConfiguration>