<?xml version="1.0" encoding="UTF-8"?>
<urn:PluginConfiguration isInheritExtendedContractAttributes="false" name="JoePCV" xmlns:urn="urn:sourceid.org:saml2:adapter:conf">
    <urn:Fields/>
    <urn:AdvancedFields/>
    <urn:Tables>
        <urn:Table name="Users">
            <urn:Row>
                <urn:Field name="Username">joe</urn:Field>
                <urn:Field name="Password">18EhLTXyEwgZa17GsaPXO39QthIWN2G5mtvdywrRXcw.o_2Q6xeb.2</urn:Field>
                <urn:Field name="Confirm Password">DZa1gLaGWuUBxMlIN8wH5kU6zagtWGey0GnB5S5PWKA.BtegZcnL.2</urn:Field>
            </urn:Row>
        </urn:Table>
    </urn:Tables>
</urn:PluginConfiguration>