<?xml version="1.0" encoding="UTF-8"?>
<urn:PluginConfiguration isInheritExtendedContractAttributes="false" name="PingID" xmlns:urn="urn:sourceid.org:saml2:adapter:conf">
    <urn:Fields>
        <urn:Field name="CHECK GROUPS">false</urn:Field>
        <urn:Field name="CHECK BYPASS GROUPS">false</urn:Field>
        <urn:Field name="IF THE USER IS NOT ACTIVATED ON PINGID">register</urn:Field>
        <urn:Field name="FAIL Login if the user is not member of the ldap group">true</urn:Field>
        <urn:Field name="RADIUS Server Authentication Port">1812</urn:Field>
        <urn:Field name="Domain postfix"/>
        <urn:Field name="PingID Properties File">#Auto-Generated from PingOne, downloaded by id=[135491] email=[bzaino@hotmail.com]
#Tue Mar 05 07:55:45 MST 2019
use_base64_key=XiE4/B6BjtZL4Lf7DSIEJP4053OUgFBR6jFzEdaiAWw=
use_signature=true
token=2f9e5aaa84f2df56b31fe2ab6f8d2425
idp_url=https://idpxnyl3m.pingidentity.com/pingid
org_alias=06df0cf8-126b-41f1-ab71-9ed5b784b2d8
admin_url=https://idpxnyl3m.pingidentity.com/pingid
authenticator_url=https://authenticator.pingone.com/pingid/ppm</urn:Field>
        <urn:Field name="Authentication During Errors">Enforce Offline Authentication</urn:Field>
        <urn:Field name="Users Without a Paired Device">Bypass User</urn:Field>
        <urn:Field name="LDAP Data source">LDAP-BD562B50E4456A707B7DFCA7994914A240C5AED9</urn:Field>
        <urn:Field name="Create Entry For Devices">false</urn:Field>
        <urn:Field name="Encryption Key For Devices"/>
        <urn:Field name="Search Base">DC=SecureAD,DC=ping-eng,DC=com</urn:Field>
        <urn:Field name="Search Filter">sAMAccountName=${username}</urn:Field>
        <urn:Field name="Scope of Search">Subtree</urn:Field>
        <urn:Field name="Distinguished Name Pattern"/>
        <urn:Field name="State Attribute"/>
        <urn:Field name="Server Threads"/>
        <urn:Field name="Enable RADIUS Server">true</urn:Field>
        <urn:Field name="Default Shared Secret"/>
        <urn:Field name="PingID service ID">vpn</urn:Field>
        <urn:Field name="State Encryption Key">eyJhbGciOiJkaXIiLCJlbmMiOiJBMTI4Q0JDLUhTMjU2Iiwia2lkIjoiQkY1M2tHSEZ2NiIsInZlcnNpb24iOiI5LjIuMC4xMCJ9..6oM0lq06FICWeYL9-MLPiQ.9s_hViQAFDr-zAtUY-FlJBcBEoHqR9eZ7YiGQAtI79gV5V9bN7AL9ol8R60GjIz9.95-5GhfQB56FeCvVvyw_Gw</urn:Field>
        <urn:Field name="State Lifetime">300</urn:Field>
        <urn:Field name="RADIUS client doesn't support challenge">false</urn:Field>
        <urn:Field name="OTP in password separator">Comma</urn:Field>
        <urn:Field name="RADIUS client password validation">false</urn:Field>
        <urn:Field name="PingID username attribute"/>
        <urn:Field name="PingId Heartbeat Timeout">30</urn:Field>
        <urn:Field name="Newline Character">None</urn:Field>
    </urn:Fields>
    <urn:AdvancedFields>
        <urn:Field name="Server Threads"/>
        <urn:Field name="Enable RADIUS Server">true</urn:Field>
        <urn:Field name="Default Shared Secret"/>
        <urn:Field name="PingID service ID">vpn</urn:Field>
        <urn:Field name="State Encryption Key">eyJhbGciOiJkaXIiLCJlbmMiOiJBMTI4Q0JDLUhTMjU2Iiwia2lkIjoiQkY1M2tHSEZ2NiIsInZlcnNpb24iOiI5LjIuMC4xMCJ9..ZWNAIMW6jloQU97T06dfrQ.EVGHQ3hZ4B4k8vNpUMj1wL_DnaSWu4T-syGY3t6EYN5Z9V7eYYFti1It6wCLhgUv.1hRda2gfReuk9F4SE_D1Cw</urn:Field>
        <urn:Field name="State Lifetime">300</urn:Field>
        <urn:Field name="RADIUS client doesn't support challenge">false</urn:Field>
        <urn:Field name="OTP in password separator">Comma</urn:Field>
        <urn:Field name="RADIUS client password validation">false</urn:Field>
        <urn:Field name="PingID username attribute"/>
        <urn:Field name="PingId Heartbeat Timeout">30</urn:Field>
        <urn:Field name="Newline Character">None</urn:Field>
    </urn:AdvancedFields>
    <urn:Tables>
        <urn:Table name="RADIUS Clients">
            <urn:Row>
                <urn:Field name="Client IP">127.0.0.1</urn:Field>
                <urn:Field name="Client Shared Secret">eyJhbGciOiJkaXIiLCJlbmMiOiJBMTI4Q0JDLUhTMjU2Iiwia2lkIjoiQkY1M2tHSEZ2NiIsInZlcnNpb24iOiI5LjIuMC4xMCJ9..pH-W_MfV7VN4TNawUWNBWw.-GE_x094fsgbSF-0Kk0Q-w.xxf3jtTcYsFVMERbWuufSA</urn:Field>
            </urn:Row>
        </urn:Table>
        <urn:Table name="Delegate PCV's">
            <urn:Row>
                <urn:Field name="Delegate PCV">LDAP</urn:Field>
            </urn:Row>
        </urn:Table>
        <urn:Table name="Member Of Groups"/>
        <urn:Table name="Bypass Member Of Groups"/>
        <urn:Table name="Multiple attributes mapping rules"/>
        <urn:Table name="User specific groups to Radius Client"/>
    </urn:Tables>
    <urn:ExtendedContractAttributes>
        <urn:AttributeName>mail</urn:AttributeName>
        <urn:AttributeName>homePhone</urn:AttributeName>
        <urn:AttributeName>dn</urn:AttributeName>
        <urn:AttributeName>cn</urn:AttributeName>
    </urn:ExtendedContractAttributes>
</urn:PluginConfiguration>