<?xml version="1.0" encoding="UTF-8"?>
<urn:PluginConfiguration isInheritExtendedContractAttributes="false" name="UserPass" xmlns:urn="urn:sourceid.org:saml2:adapter:conf">
    <urn:Fields/>
    <urn:AdvancedFields/>
    <urn:Tables>
        <urn:Table name="Users">
            <urn:Row>
                <urn:Field name="Username">joe</urn:Field>
                <urn:Field name="Password">ILSDS-xU49Dnz9lrGE50tdFkkcwYTMuV6E_wQvvD9Fg.k5OG8j-Y.2</urn:Field>
                <urn:Field name="Confirm Password">KAfSimw-mb7yeBoL3a-ovraCfxyPzmEwzT5Y0CMYrMY.0MtQbRx4.2</urn:Field>
            </urn:Row>
            <urn:Row>
                <urn:Field name="Username">sarah</urn:Field>
                <urn:Field name="Password">DjobRADhX0V4pZLQYud-ZjOT3NBgvBoXPKGxbxGVBWg.CYh7YSSH.2</urn:Field>
                <urn:Field name="Confirm Password">pyQHwMWLLH29jkCeKYXhFyHl7k6Ip_mWczhbHVvFeAk.42Und3rG.2</urn:Field>
            </urn:Row>
            <urn:Row>
                <urn:Field name="Username">scott</urn:Field>
                <urn:Field name="Password">OhgqQF75faufbj-EbCIcXCz7clLfDmo0BnBuWCgQ-KQ.fZZvK040.2</urn:Field>
                <urn:Field name="Confirm Password">IzcziwnlzS9-dfbZjtWW3xTP56fONqx3lAyBirV409s.O6BM6M_A.2</urn:Field>
            </urn:Row>
        </urn:Table>
    </urn:Tables>
</urn:PluginConfiguration>